E,M,C,X,temp,n_temp,N,steps,H,wall_time
-0.382756014274432,0.3639000320115518,0.1949237740163312,0.13667364716823727,0.2,400,32,4000,[1. 0. 0.],157.70971775054932
-0.4007780336701986,0.3703381474022996,0.07090729213780657,0.014808394709224793,0.22456140350877193,400,32,4000,[1. 0. 0.],157.70971775054932
-0.4264074682035994,0.37169276271174,0.10287735915808825,0.04560133750334976,0.24912280701754388,400,32,4000,[1. 0. 0.],157.70971775054932
-0.42894850963045955,0.4096571964739538,0.17801215108444518,0.08442509721467453,0.2736842105263158,400,32,4000,[1. 0. 0.],157.70971775054932
-0.4382167611605084,0.5412517797274722,0.16051266498981348,0.027467789533509,0.29824561403508776,400,32,4000,[1. 0. 0.],157.70971775054932
-0.44825991301082474,0.5305913957596307,0.23974896182407374,0.1264711080852389,0.32280701754385965,400,32,4000,[1. 0. 0.],157.70971775054932
-0.46294195992449155,0.42611162927447305,0.19499539774503868,0.0433708056083996,0.3473684210526316,400,32,4000,[1. 0. 0.],157.70971775054932
-0.48295825756384114,0.45779813925776336,0.14056806673487462,0.10433472204660175,0.37192982456140355,400,32,4000,[1. 0. 0.],157.70971775054932
-0.4857863592736603,0.5093864408287663,0.13476672082173435,0.1541662114950633,0.39649122807017545,400,32,4000,[1. 0. 0.],157.70971775054932
-0.5025363928005078,0.5741185957886243,0.15597620419270353,0.31815860039186106,0.4210526315789474,400,32,4000,[1. 0. 0.],157.70971775054932
-0.5223999742159126,0.5590518304594374,0.10604541610210302,0.22993213234703636,0.44561403508771935,400,32,4000,[1. 0. 0.],157.70971775054932
-0.5282847932992305,0.6407539974417819,0.10322767733461036,0.12410324769199226,0.4701754385964913,400,32,4000,[1. 0. 0.],157.70971775054932
-0.5373221288937468,0.6148226110862304,0.1792567004151456,0.09608994269420482,0.4947368421052632,400,32,4000,[1. 0. 0.],157.70971775054932
-0.5518424804800877,0.655300033956222,0.21277350694356162,0.022310565112658148,0.5192982456140351,400,32,4000,[1. 0. 0.],157.70971775054932
-0.5646742189194358,0.5649631312994805,0.12479465410179094,0.24339677452128172,0.5438596491228072,400,32,4000,[1. 0. 0.],157.70971775054932
-0.5780953814500596,0.6522255597892213,0.13061835178661432,0.12785766184114356,0.5684210526315789,400,32,4000,[1. 0. 0.],157.70971775054932
-0.5876213838804588,0.626222949674136,0.1960916087877541,0.1500341921188197,0.5929824561403509,400,32,4000,[1. 0. 0.],157.70971775054932
-0.6066186314329809,0.6508431356943813,0.08437162926656575,0.13610929628488994,0.617543859649123,400,32,4000,[1. 0. 0.],157.70971775054932
-0.6040825081521916,0.5947318810318317,0.1259612114029714,0.08884186913642914,0.6421052631578947,400,32,4000,[1. 0. 0.],157.70971775054932
-0.6212257345961683,0.6911280874416204,0.12105853539797803,0.12955316660088553,0.6666666666666667,400,32,4000,[1. 0. 0.],157.70971775054932
-0.6227013332180075,0.7490358077887609,0.06628026044370545,0.2519468148073014,0.6912280701754387,400,32,4000,[1. 0. 0.],157.70971775054932
-0.6422072187984699,0.7215633845851295,0.06983284335986388,0.023307808189439155,0.7157894736842105,400,32,4000,[1. 0. 0.],157.70971775054932
-0.642459703487202,0.6893041377801686,0.16388265599245516,0.05267645494093541,0.7403508771929825,400,32,4000,[1. 0. 0.],157.70971775054932
-0.6511782139144413,0.7044390482232468,0.04766142440991524,0.184348826937657,0.7649122807017545,400,32,4000,[1. 0. 0.],157.70971775054932
-0.6564881148605458,0.7241868936620717,0.06469982780876989,0.2698036335711246,0.7894736842105263,400,32,4000,[1. 0. 0.],157.70971775054932
-0.6593689265675473,0.7819864132372316,0.06766060484624611,0.44690010328020263,0.8140350877192983,400,32,4000,[1. 0. 0.],157.70971775054932
-0.6699782387256216,0.7564760569167656,0.027487839778446977,0.5691680226248551,0.8385964912280703,400,32,4000,[1. 0. 0.],157.70971775054932
-0.6725509850538136,0.7261844968751783,0.034672209972237106,0.46325764832114064,0.8631578947368421,400,32,4000,[1. 0. 0.],157.70971775054932
-0.6750848640015683,0.8161196878685735,0.07343782004987477,0.07767568308543824,0.8877192982456141,400,32,4000,[1. 0. 0.],157.70971775054932
-0.6801775578032838,0.8270447324312735,0.051924435296302675,0.6736753135556974,0.9122807017543861,400,32,4000,[1. 0. 0.],157.70971775054932
-0.6780889807934465,0.8309695450123978,0.06740553164904636,0.08963653913748826,0.9368421052631579,400,32,4000,[1. 0. 0.],157.70971775054932
-0.6864291091896623,0.8349266074484694,0.04796830875405795,0.26623729074208224,0.9614035087719299,400,32,4000,[1. 0. 0.],157.70971775054932
-0.6830459974961552,0.8022821678979669,0.02358686048369541,0.32233443108471377,0.9859649122807019,400,32,4000,[1. 0. 0.],157.70971775054932
-0.683859217743623,0.8486541312094611,0.020132367902791583,0.16211571320792353,1.0105263157894737,400,32,4000,[1. 0. 0.],157.70971775054932
-0.6767216388306473,0.8170203479502509,0.011417935379594965,0.19862533465898694,1.0350877192982457,400,32,4000,[1. 0. 0.],157.70971775054932
-0.6822367710367947,0.8373291730161443,0.02111172555563191,0.28136844845047543,1.0596491228070177,400,32,4000,[1. 0. 0.],157.70971775054932
-0.6775268549018472,0.8333675300977911,0.029202153606217078,0.4487250291632629,1.0842105263157895,400,32,4000,[1. 0. 0.],157.70971775054932
-0.6681374707934018,0.8124918611350501,0.031958274620520644,0.2762814261831199,1.1087719298245615,400,32,4000,[1. 0. 0.],157.70971775054932
-0.66605446805565,0.830793480899758,0.03218492249395925,0.5584960531247668,1.1333333333333335,400,32,4000,[1. 0. 0.],157.70971775054932
-0.6602039759565922,0.8253099597784389,0.03831055837605684,0.6085342520251257,1.1578947368421053,400,32,4000,[1. 0. 0.],157.70971775054932
-0.6627218389676152,0.8473726583311797,0.02638751941934539,0.209248358144106,1.1824561403508773,400,32,4000,[1. 0. 0.],157.70971775054932
-0.6554564940173414,0.849020930651211,0.04161100318487314,0.6694738681323749,1.2070175438596493,400,32,4000,[1. 0. 0.],157.70971775054932
-0.6508923732448041,0.8355998552816092,0.022279178237864742,0.4948133813061945,1.231578947368421,400,32,4000,[1. 0. 0.],157.70971775054932
-0.6416503798467988,0.8244007352936457,0.03975323473027076,1.0507178853246575,1.2561403508771931,400,32,4000,[1. 0. 0.],157.70971775054932
-0.6353028487770275,0.8618154957178888,0.03031559619444197,1.0341972569970272,1.2807017543859651,400,32,4000,[1. 0. 0.],157.70971775054932
-0.6271312318043062,0.8216992025607869,0.035252129866719065,0.5914706826600759,1.305263157894737,400,32,4000,[1. 0. 0.],157.70971775054932
-0.6246239242466896,0.8204563098318904,0.041361570626946856,1.0981095575051303,1.329824561403509,400,32,4000,[1. 0. 0.],157.70971775054932
-0.6147332937992115,0.8161910754736753,0.04311504612227192,0.6593783433964382,1.354385964912281,400,32,4000,[1. 0. 0.],157.70971775054932
-0.6078291798313682,0.8046077475078416,0.0468840924289721,0.4011657275826193,1.3789473684210527,400,32,4000,[1. 0. 0.],157.70971775054932
-0.6016236493457603,0.7942125876469266,0.04774070270500534,0.517597023203686,1.4035087719298247,400,32,4000,[1. 0. 0.],157.70971775054932
-0.5914398871488046,0.77438552104015,0.043674434169469215,0.45066533193129776,1.4280701754385967,400,32,4000,[1. 0. 0.],157.70971775054932
-0.5846220994449454,0.7651253534080527,0.0514684398202141,0.6011971321904548,1.4526315789473685,400,32,4000,[1. 0. 0.],157.70971775054932
-0.5769046257424779,0.7820471508569872,0.05187270161104761,0.5854794830201405,1.4771929824561405,400,32,4000,[1. 0. 0.],157.70971775054932
-0.571184315162533,0.7845358150801106,0.05421283411475058,0.397791738042953,1.5017543859649125,400,32,4000,[1. 0. 0.],157.70971775054932
-0.5638650292686771,0.7563691117345258,0.067762458177007,0.6099227912856435,1.5263157894736843,400,32,4000,[1. 0. 0.],157.70971775054932
-0.5518310464573752,0.7547874373798354,0.06171322039832182,0.6702368050306586,1.5508771929824563,400,32,4000,[1. 0. 0.],157.70971775054932
-0.5431187914654757,0.7231329104448277,0.059477657203538474,0.6518893500181121,1.5754385964912283,400,32,4000,[1. 0. 0.],157.70971775054932
-0.532565052547889,0.7164174759499804,0.06520018879598855,0.7059791033262997,1.6,400,32,4000,[1. 0. 0.],157.70971775054932
-0.5259917612149945,0.7287614859505998,0.06883342006371042,0.8891222554008827,1.624561403508772,400,32,4000,[1. 0. 0.],157.70971775054932
-0.5153271408855098,0.7065676942439373,0.0744388562523282,0.6728532296054344,1.649122807017544,400,32,4000,[1. 0. 0.],157.70971775054932
-0.5142083541719076,0.6977913496348858,0.06347986246574489,0.5787541092034382,1.6736842105263159,400,32,4000,[1. 0. 0.],157.70971775054932
-0.4955844097641558,0.6754449742337193,0.08798879799562132,0.8401039087607957,1.698245614035088,400,32,4000,[1. 0. 0.],157.70971775054932
-0.48537536717087676,0.6716458122401348,0.0730902880272307,0.6922276903206013,1.72280701754386,400,32,4000,[1. 0. 0.],157.70971775054932
-0.47504963489387136,0.6673645669465296,0.10400061740383822,0.7479083812119338,1.7473684210526317,400,32,4000,[1. 0. 0.],157.70971775054932
-0.4631152033959828,0.6502465989727926,0.08861530630539528,0.9338569541068154,1.7719298245614037,400,32,4000,[1. 0. 0.],157.70971775054932
-0.4565289917308606,0.6408411301678418,0.07426410581564537,0.8101939541204749,1.7964912280701757,400,32,4000,[1. 0. 0.],157.70971775054932
-0.44698403523093655,0.6370476092090519,0.09220752980296837,0.7964577079473553,1.8210526315789475,400,32,4000,[1. 0. 0.],157.70971775054932
-0.43439980653676175,0.6224304727408286,0.06790808082493008,0.7648618532982481,1.8456140350877195,400,32,4000,[1. 0. 0.],157.70971775054932
-0.4268997347602635,0.6066685771116038,0.0820912415628829,0.6019866382082011,1.8701754385964915,400,32,4000,[1. 0. 0.],157.70971775054932
-0.41916292747911743,0.6010478926840312,0.07518529337859546,0.9262116267920991,1.8947368421052633,400,32,4000,[1. 0. 0.],157.70971775054932
-0.40470444810644457,0.5820919459069038,0.07669396253789763,0.9156431541531875,1.9192982456140353,400,32,4000,[1. 0. 0.],157.70971775054932
-0.39656972544731783,0.5686401901924941,0.08913134713984523,0.7699965661759214,1.9438596491228073,400,32,4000,[1. 0. 0.],157.70971775054932
-0.3841557428303743,0.5539674789923095,0.07678458747298843,0.8048576367755829,1.968421052631579,400,32,4000,[1. 0. 0.],157.70971775054932
-0.37544652448519056,0.5463495012811265,0.06793461388053382,0.8832988297158054,1.992982456140351,400,32,4000,[1. 0. 0.],157.70971775054932
-0.36441809248924817,0.5361651918272047,0.07175594617939854,1.0058751040059715,2.0175438596491233,400,32,4000,[1. 0. 0.],157.70971775054932
-0.35920496513178257,0.5221197486186113,0.06647489248918959,0.8365594757285901,2.042105263157895,400,32,4000,[1. 0. 0.],157.70971775054932
-0.3475912570672006,0.5049955162102686,0.07618775489584839,0.7638466968397907,2.066666666666667,400,32,4000,[1. 0. 0.],157.70971775054932
-0.33720475942354144,0.4899882593948877,0.0720083922630079,0.7933082603753936,2.091228070175439,400,32,4000,[1. 0. 0.],157.70971775054932
-0.32853474047556047,0.47830754063916137,0.06523434146078501,0.6798270781203845,2.115789473684211,400,32,4000,[1. 0. 0.],157.70971775054932
-0.32028948889563424,0.4692596324128783,0.06582924469383668,0.8614444965870321,2.140350877192983,400,32,4000,[1. 0. 0.],157.70971775054932
-0.3126595922339253,0.45898829836755367,0.07022934199455082,0.9113061506189827,2.164912280701755,400,32,4000,[1. 0. 0.],157.70971775054932
-0.30533261370422987,0.4595806065568219,0.07894305618617854,0.9868355469346336,2.1894736842105265,400,32,4000,[1. 0. 0.],157.70971775054932
-0.29726151955558144,0.44392077709686695,0.061715651386362945,0.8041235665043962,2.214035087719299,400,32,4000,[1. 0. 0.],157.70971775054932
-0.2929634923899843,0.4392109277660874,0.0535636063986124,0.8359028245101501,2.2385964912280705,400,32,4000,[1. 0. 0.],157.70971775054932
-0.285776343283948,0.4254102614603961,0.057021658519822487,0.8501621263588369,2.2631578947368425,400,32,4000,[1. 0. 0.],157.70971775054932
-0.2775031722433881,0.4117951030743653,0.056945375674559685,0.8638588543215939,2.2877192982456145,400,32,4000,[1. 0. 0.],157.70971775054932
-0.2706478009116455,0.4060585847230555,0.0638761212737831,0.9384438625498221,2.3122807017543865,400,32,4000,[1. 0. 0.],157.70971775054932
-0.26301166595409536,0.39682661094022675,0.052406313993956566,0.694150905287416,2.3368421052631585,400,32,4000,[1. 0. 0.],157.70971775054932
-0.2584917122964864,0.390495599658554,0.05785543838511974,0.751160854587501,2.3614035087719305,400,32,4000,[1. 0. 0.],157.70971775054932
-0.25134501872769877,0.38203010573195173,0.05503973193723958,0.7903401382618159,2.385964912280702,400,32,4000,[1. 0. 0.],157.70971775054932
-0.24812770384690142,0.37520835694662247,0.042772968412682986,0.6088300093286607,2.410526315789474,400,32,4000,[1. 0. 0.],157.70971775054932
-0.23840841169476348,0.35923615139056403,0.05024232731214223,0.7392767425281204,2.435087719298246,400,32,4000,[1. 0. 0.],157.70971775054932
-0.2359442433426834,0.35528834263317444,0.04188547430527794,0.7775581773232473,2.459649122807018,400,32,4000,[1. 0. 0.],157.70971775054932
-0.22784753548556702,0.3389113333411927,0.04432240385994193,0.6465949373048084,2.48421052631579,400,32,4000,[1. 0. 0.],157.70971775054932
-0.2272420491422229,0.34712221175724367,0.04665805113674893,0.7299184912924709,2.508771929824562,400,32,4000,[1. 0. 0.],157.70971775054932
-0.2207959726871927,0.3346012735407894,0.04112627294771644,0.7053101359059535,2.5333333333333337,400,32,4000,[1. 0. 0.],157.70971775054932
-0.216765792084009,0.331548494769049,0.03772138621283683,0.7061774266836899,2.5578947368421057,400,32,4000,[1. 0. 0.],157.70971775054932
-0.2121068817194004,0.31849363766060174,0.03761519605433452,0.6895295595474156,2.5824561403508777,400,32,4000,[1. 0. 0.],157.70971775054932
-0.2082712476213076,0.3143256126276487,0.03800097122171705,0.6751739268092006,2.6070175438596497,400,32,4000,[1. 0. 0.],157.70971775054932
-0.2041210655123395,0.30908403759785147,0.03271942082943767,0.7227010365088297,2.6315789473684217,400,32,4000,[1. 0. 0.],157.70971775054932
-0.20018440545019434,0.30338269118085304,0.035906581657413644,0.7257383853361304,2.6561403508771937,400,32,4000,[1. 0. 0.],157.70971775054932
-0.19828971263681205,0.29642331052274234,0.03254665830009153,0.5894022900206077,2.6807017543859653,400,32,4000,[1. 0. 0.],157.70971775054932
-0.19257006926950682,0.2921276506588738,0.03246834706499021,0.6229960944947629,2.7052631578947373,400,32,4000,[1. 0. 0.],157.70971775054932
-0.1904598000448349,0.2902078171877769,0.02883993103510097,0.5859160006895656,2.7298245614035093,400,32,4000,[1. 0. 0.],157.70971775054932
-0.18478367467648663,0.27960095752082054,0.03022276408479898,0.5775230661670752,2.7543859649122813,400,32,4000,[1. 0. 0.],157.70971775054932
-0.18368381791020222,0.2790680176930581,0.027420346502662434,0.6269987079144894,2.7789473684210533,400,32,4000,[1. 0. 0.],157.70971775054932
-0.18089348486081822,0.2673051706713755,0.028894458089193067,0.6157947314581683,2.8035087719298253,400,32,4000,[1. 0. 0.],157.70971775054932
-0.17802093983971023,0.26641555857498556,0.030442331652478925,0.6278866154388368,2.828070175438597,400,32,4000,[1. 0. 0.],157.70971775054932
-0.17462440081447633,0.2625346850754371,0.025754217209142418,0.5447953337278946,2.852631578947369,400,32,4000,[1. 0. 0.],157.70971775054932
-0.17161310404580005,0.25565161836773914,0.02640801785797655,0.5912416669957317,2.877192982456141,400,32,4000,[1. 0. 0.],157.70971775054932
-0.16951526260936808,0.2598576422816216,0.024141820640102098,0.5534642578454126,2.901754385964913,400,32,4000,[1. 0. 0.],157.70971775054932
-0.16728429549551074,0.2573103073755864,0.02518037221858648,0.5654391271152437,2.926315789473685,400,32,4000,[1. 0. 0.],157.70971775054932
-0.16363928831045346,0.2510140219243021,0.02334094571350188,0.5695604643827149,2.950877192982457,400,32,4000,[1. 0. 0.],157.70971775054932
-0.16190968889294532,0.24371505946680316,0.02569902445138313,0.6648093436491805,2.9754385964912284,400,32,4000,[1. 0. 0.],157.70971775054932
-0.15702410831528932,0.2369842755766144,0.0225707776552717,0.5542555351160225,3.0000000000000004,400,32,4000,[1. 0. 0.],157.70971775054932
-0.15575619809300945,0.23258933197606757,0.02643488632012131,0.5316071783625719,3.0245614035087725,400,32,4000,[1. 0. 0.],157.70971775054932
-0.15389767145211491,0.2334924160250948,0.020862530329514285,0.45240114172629325,3.0491228070175445,400,32,4000,[1. 0. 0.],157.70971775054932
-0.15013768463473548,0.22485429796647138,0.019894539195471943,0.5394256024447802,3.0736842105263165,400,32,4000,[1. 0. 0.],157.70971775054932
-0.15040540010349956,0.22712001021699316,0.02171499521319027,0.5437600415029458,3.0982456140350885,400,32,4000,[1. 0. 0.],157.70971775054932
-0.14728298195810588,0.2225243575030915,0.022363232295367828,0.4984672009428369,3.12280701754386,400,32,4000,[1. 0. 0.],157.70971775054932
-0.14568874588482408,0.21274190673888324,0.020714832814692476,0.5412417774614319,3.147368421052632,400,32,4000,[1. 0. 0.],157.70971775054932
-0.14441476462871206,0.21584800366092502,0.02021757353017808,0.4714344006018628,3.171929824561404,400,32,4000,[1. 0. 0.],157.70971775054932
-0.14079276605479246,0.20975563636454087,0.017866448462258232,0.540003980028327,3.196491228070176,400,32,4000,[1. 0. 0.],157.70971775054932
-0.13902920491851628,0.21045889228546424,0.01928931998872317,0.5212641723832219,3.221052631578948,400,32,4000,[1. 0. 0.],157.70971775054932
-0.13797292089028615,0.2088415776426904,0.017262836666728232,0.4909988076364357,3.24561403508772,400,32,4000,[1. 0. 0.],157.70971775054932
-0.13665353456297577,0.20714399674532055,0.01705154306353185,0.5294627298440554,3.2701754385964916,400,32,4000,[1. 0. 0.],157.70971775054932
-0.13477607088310808,0.20257520225872103,0.015793251329990023,0.5265144552424629,3.2947368421052636,400,32,4000,[1. 0. 0.],157.70971775054932
-0.13245879895300774,0.19799096719957282,0.015889120156683288,0.4820218930171678,3.3192982456140356,400,32,4000,[1. 0. 0.],157.70971775054932
-0.13049759574027,0.19327264609183556,0.0173716623015391,0.4886992399681885,3.3438596491228076,400,32,4000,[1. 0. 0.],157.70971775054932
-0.1303022641763932,0.19568663848804302,0.015031433996786222,0.48111836001272157,3.3684210526315796,400,32,4000,[1. 0. 0.],157.70971775054932
-0.1266903930784091,0.185070011954887,0.016195581977371035,0.46448332163401423,3.3929824561403517,400,32,4000,[1. 0. 0.],157.70971775054932
-0.12696713717517452,0.18849493543356896,0.015875049239815597,0.44925050418238643,3.4175438596491237,400,32,4000,[1. 0. 0.],157.70971775054932
-0.12535433759329864,0.1870762459618437,0.015119765879748512,0.5178693303831514,3.4421052631578952,400,32,4000,[1. 0. 0.],157.70971775054932
-0.12365978668315455,0.18260425022259932,0.013905308307108557,0.42146797978373424,3.4666666666666672,400,32,4000,[1. 0. 0.],157.70971775054932
-0.12139310758563626,0.18062547423493147,0.013284527192803635,0.4438388641207246,3.4912280701754392,400,32,4000,[1. 0. 0.],157.70971775054932
-0.12005553201279594,0.1762578488524583,0.01353945684737986,0.45760979740447943,3.5157894736842112,400,32,4000,[1. 0. 0.],157.70971775054932
-0.1196102511798723,0.17721876098031775,0.013399846738680821,0.4503892012983189,3.5403508771929832,400,32,4000,[1. 0. 0.],157.70971775054932
-0.11795176985991997,0.17136141833135146,0.012822641861131941,0.44246459297156016,3.5649122807017553,400,32,4000,[1. 0. 0.],157.70971775054932
-0.11763190121883854,0.174200903187773,0.013431190498397146,0.42536051061984936,3.589473684210527,400,32,4000,[1. 0. 0.],157.70971775054932
-0.11484193423083984,0.16848694515534113,0.012491483140153655,0.3953522354206389,3.614035087719299,400,32,4000,[1. 0. 0.],157.70971775054932
-0.1125829862219803,0.16310299995489513,0.012541269591738041,0.4163854493236406,3.638596491228071,400,32,4000,[1. 0. 0.],157.70971775054932
-0.11245799323209686,0.1644233006690814,0.01233153865391905,0.38772236029089485,3.663157894736843,400,32,4000,[1. 0. 0.],157.70971775054932
-0.11166895717062551,0.16491230437037788,0.011078009494194772,0.3550482541194508,3.687719298245615,400,32,4000,[1. 0. 0.],157.70971775054932
-0.11069786090868242,0.16230212577715247,0.012131117411165687,0.42006814597857817,3.712280701754387,400,32,4000,[1. 0. 0.],157.70971775054932
-0.11006128812314725,0.15858287854296024,0.011833891468234393,0.4524333723845969,3.7368421052631584,400,32,4000,[1. 0. 0.],157.70971775054932
-0.10940191268423523,0.1638520548171349,0.012495478231562676,0.44288842358153646,3.7614035087719304,400,32,4000,[1. 0. 0.],157.70971775054932
-0.10713284825794255,0.15840385550136876,0.01147618878080182,0.3627641700912639,3.7859649122807024,400,32,4000,[1. 0. 0.],157.70971775054932
-0.1071854437169215,0.16018250486986255,0.01032386474497703,0.4175580211424811,3.8105263157894744,400,32,4000,[1. 0. 0.],157.70971775054932
-0.10547182201859619,0.15449399714073278,0.010902491515322873,0.40799905009626947,3.8350877192982464,400,32,4000,[1. 0. 0.],157.70971775054932
-0.10382970651547192,0.15145080963972637,0.010606138163708694,0.39047253521371444,3.8596491228070184,400,32,4000,[1. 0. 0.],157.70971775054932
-0.10527829184121448,0.15123596053313548,0.010026406213609363,0.35987609562691164,3.88421052631579,400,32,4000,[1. 0. 0.],157.70971775054932
-0.10253864769670583,0.15314879263265463,0.011159852692665562,0.4063820585451272,3.908771929824562,400,32,4000,[1. 0. 0.],157.70971775054932
-0.10097899668823847,0.14428279403817296,0.010015896359766978,0.36576157790044206,3.933333333333334,400,32,4000,[1. 0. 0.],157.70971775054932
-0.09959442044586882,0.14648157831091174,0.008693421553789625,0.36878704887750463,3.957894736842106,400,32,4000,[1. 0. 0.],157.70971775054932
-0.0988009988843471,0.14634353704960754,0.00992207576468049,0.3779327539371778,3.982456140350878,400,32,4000,[1. 0. 0.],157.70971775054932
-0.09825826827013012,0.14021713186689208,0.009606602160620708,0.39228835630921877,4.00701754385965,400,32,4000,[1. 0. 0.],157.70971775054932
-0.09757160857427828,0.14420694543387713,0.008583098323533513,0.3413079175936298,4.031578947368422,400,32,4000,[1. 0. 0.],157.70971775054932
-0.09550632642107114,0.1369082317378781,0.009109034176433417,0.3601943720233463,4.056140350877193,400,32,4000,[1. 0. 0.],157.70971775054932
-0.09510660634503566,0.13760407904774907,0.008978395469734817,0.3910222990057696,4.080701754385966,400,32,4000,[1. 0. 0.],157.70971775054932
-0.09507006269080535,0.13722279016565397,0.008203266519207088,0.3582025948039254,4.105263157894737,400,32,4000,[1. 0. 0.],157.70971775054932
-0.09429807780855679,0.1392337512180745,0.008145959063158261,0.35892373736462346,4.12982456140351,400,32,4000,[1. 0. 0.],157.70971775054932
-0.09307912221227095,0.13291046882783983,0.008275065479904954,0.33533906622366005,4.154385964912281,400,32,4000,[1. 0. 0.],157.70971775054932
-0.09181427049170131,0.13063141112893445,0.007894680576596026,0.33235465481834575,4.178947368421053,400,32,4000,[1. 0. 0.],157.70971775054932
-0.09192726611951622,0.13297356861908616,0.008906189985145465,0.3629860401359176,4.203508771929825,400,32,4000,[1. 0. 0.],157.70971775054932
-0.0903941739525276,0.13042466647706155,0.008701275011666365,0.36075816066669214,4.228070175438598,400,32,4000,[1. 0. 0.],157.70971775054932
-0.08883745563746903,0.1321308816192274,0.007447488910374989,0.32104035156610006,4.252631578947369,400,32,4000,[1. 0. 0.],157.70971775054932
-0.08951087540334521,0.12801620071595188,0.007930756621714115,0.33390555823222257,4.277192982456141,400,32,4000,[1. 0. 0.],157.70971775054932
-0.0897238173274154,0.1297354938416853,0.007951738916421449,0.36311219062112443,4.301754385964913,400,32,4000,[1. 0. 0.],157.70971775054932
-0.0876217034541161,0.12288680573341998,0.007294640420218872,0.3180913204510235,4.326315789473685,400,32,4000,[1. 0. 0.],157.70971775054932
-0.08702446882076005,0.12695127517772772,0.007316290873722673,0.31835049055864995,4.350877192982457,400,32,4000,[1. 0. 0.],157.70971775054932
-0.08607561949823572,0.12186833486080616,0.007324654950064204,0.3232563078674327,4.375438596491229,400,32,4000,[1. 0. 0.],157.70971775054932
-0.08494785887182661,0.12015114411337653,0.006990728547813414,0.34483901230869185,4.4,400,32,4000,[1. 0. 0.],157.70971775054932
-0.08459907280472669,0.12141282304036008,0.006605245217388283,0.31198150926012014,4.424561403508773,400,32,4000,[1. 0. 0.],157.70971775054932
-0.08465802720465775,0.11889925548454207,0.007053349021917221,0.29538222283420396,4.449122807017544,400,32,4000,[1. 0. 0.],157.70971775054932
-0.0844065244149569,0.11903916179960851,0.006494712178931282,0.301482778717873,4.473684210526317,400,32,4000,[1. 0. 0.],157.70971775054932
-0.08357854505529241,0.11928718230539824,0.0068364703463481115,0.33749860616651034,4.498245614035088,400,32,4000,[1. 0. 0.],157.70971775054932
-0.08274712758756994,0.11672609153347109,0.006682722509568699,0.33367341047965915,4.522807017543861,400,32,4000,[1. 0. 0.],157.70971775054932
-0.08134960365234145,0.11901770763673038,0.00666042627300853,0.32002425476099017,4.547368421052632,400,32,4000,[1. 0. 0.],157.70971775054932
-0.08123511438065734,0.11754193875914327,0.006454889807271422,0.3084244081712934,4.571929824561404,400,32,4000,[1. 0. 0.],157.70971775054932
-0.08080246855617411,0.11686912862151896,0.006614829574476991,0.31578589657491224,4.596491228070176,400,32,4000,[1. 0. 0.],157.70971775054932
-0.08004256489408877,0.11571960353021787,0.00643692293984675,0.31627295729791616,4.621052631578948,400,32,4000,[1. 0. 0.],157.70971775054932
-0.07944269003384959,0.11503466387764147,0.0063519991962599975,0.3209422695888858,4.64561403508772,400,32,4000,[1. 0. 0.],157.70971775054932
-0.07898267043966828,0.11301722501335064,0.006248812564941303,0.2916696192304659,4.670175438596492,400,32,4000,[1. 0. 0.],157.70971775054932
-0.07815382117144187,0.11015715738286992,0.005635864409336941,0.28672373234445075,4.6947368421052635,400,32,4000,[1. 0. 0.],157.70971775054932
-0.07729435270303234,0.10924355328880307,0.005892914268020675,0.2889990533415725,4.719298245614036,400,32,4000,[1. 0. 0.],157.70971775054932
-0.07730647737422229,0.10701049446596846,0.0057877669140672236,0.29475488921069476,4.7438596491228076,400,32,4000,[1. 0. 0.],157.70971775054932
-0.07684496146322098,0.11134005834811139,0.0056670801106389924,0.28507631249692367,4.76842105263158,400,32,4000,[1. 0. 0.],157.70971775054932
-0.07639435650859863,0.11077765209107104,0.0057274811063109535,0.2704137703305324,4.792982456140352,400,32,4000,[1. 0. 0.],157.70971775054932
-0.07542428885897776,0.10735044703786258,0.0058186511645144995,0.28725981119345606,4.817543859649124,400,32,4000,[1. 0. 0.],157.70971775054932
-0.07495372985268474,0.10675165525205499,0.0050617194190936896,0.27678170798978957,4.842105263157896,400,32,4000,[1. 0. 0.],157.70971775054932
-0.07447175908115043,0.10366186258264506,0.005436559079453495,0.2804379259080001,4.866666666666667,400,32,4000,[1. 0. 0.],157.70971775054932
-0.07353920619684191,0.10201688366413421,0.005422845687136997,0.236459718007973,4.89122807017544,400,32,4000,[1. 0. 0.],157.70971775054932
-0.07319268999221551,0.10441696103204488,0.005167030352525807,0.26915432491090696,4.915789473684211,400,32,4000,[1. 0. 0.],157.70971775054932
-0.07285302990544719,0.10337679019811054,0.0056190003761019455,0.2492500809261446,4.940350877192984,400,32,4000,[1. 0. 0.],157.70971775054932
-0.07220882355758272,0.1042571838119182,0.005194621873419892,0.2792876974932452,4.964912280701755,400,32,4000,[1. 0. 0.],157.70971775054932
-0.07234686582096626,0.10139864448247873,0.004894497017926485,0.2786445448313009,4.989473684210528,400,32,4000,[1. 0. 0.],157.70971775054932
-0.07193902271671615,0.10083318501646434,0.005437097964486724,0.2915876682835699,5.014035087719299,400,32,4000,[1. 0. 0.],157.70971775054932
-0.07128597078564801,0.101063272793591,0.004696821816715849,0.25984701429235,5.038596491228071,400,32,4000,[1. 0. 0.],157.70971775054932
-0.07049996812740678,0.09995808703256366,0.005046562728975358,0.2771546641333702,5.063157894736843,400,32,4000,[1. 0. 0.],157.70971775054932
-0.0701601156617156,0.10051642040265317,0.0046641313779438795,0.26040886019186144,5.087719298245615,400,32,4000,[1. 0. 0.],157.70971775054932
-0.06957088775734412,0.09754143031717107,0.004997023833616977,0.270758362510512,5.112280701754387,400,32,4000,[1. 0. 0.],157.70971775054932
-0.06962089239091061,0.09833357847279087,0.004597516294555661,0.26755472322073115,5.136842105263159,400,32,4000,[1. 0. 0.],157.70971775054932
-0.06856847229828979,0.09481767257251424,0.004100190238226756,0.27469569765571406,5.16140350877193,400,32,4000,[1. 0. 0.],157.70971775054932
-0.06823277940985935,0.09494215993514345,0.004464100354634581,0.2569273666360946,5.185964912280703,400,32,4000,[1. 0. 0.],157.70971775054932
-0.06824598781657654,0.09625267704161306,0.004402466321688602,0.2518116316106282,5.210526315789474,400,32,4000,[1. 0. 0.],157.70971775054932
-0.06744099260392653,0.09455863145742016,0.004526820341736116,0.2657624258302053,5.235087719298247,400,32,4000,[1. 0. 0.],157.70971775054932
-0.06660307526981112,0.09400897534073367,0.0043060684045348845,0.228448545601863,5.259649122807018,400,32,4000,[1. 0. 0.],157.70971775054932
-0.06649687451282983,0.0944561132432723,0.004218858261608272,0.27339218236909835,5.284210526315791,400,32,4000,[1. 0. 0.],157.70971775054932
-0.06597229371613053,0.08980220084361963,0.004310596747513869,0.24120826962305011,5.308771929824562,400,32,4000,[1. 0. 0.],157.70971775054932
-0.06608592955912226,0.09497481874452117,0.0043104139501045765,0.2449969029824479,5.333333333333334,400,32,4000,[1. 0. 0.],157.70971775054932
-0.06588733838653703,0.09295079526347216,0.004292064566489278,0.24541368263051228,5.357894736842106,400,32,4000,[1. 0. 0.],157.70971775054932
-0.06547494234294696,0.0919769210247904,0.004263998581691408,0.26166145216494485,5.382456140350878,400,32,4000,[1. 0. 0.],157.70971775054932
-0.0647655465583964,0.09083902743001832,0.004296179481929568,0.2573816213581307,5.40701754385965,400,32,4000,[1. 0. 0.],157.70971775054932
-0.06390508134906595,0.08753318607590868,0.00401863243957035,0.21706093256224174,5.431578947368422,400,32,4000,[1. 0. 0.],157.70971775054932
-0.06392907043750401,0.08974565372608051,0.004184813163665693,0.2446110992465682,5.4561403508771935,400,32,4000,[1. 0. 0.],157.70971775054932
-0.06343916236084549,0.08707417916416729,0.004312632376687146,0.24772053196316407,5.480701754385966,400,32,4000,[1. 0. 0.],157.70971775054932
-0.06325818473298758,0.08687777076772077,0.004016093945834722,0.21753682383559692,5.5052631578947375,400,32,4000,[1. 0. 0.],157.70971775054932
-0.06283091578121935,0.08938049564044442,0.0041308824506771525,0.25387894467073374,5.52982456140351,400,32,4000,[1. 0. 0.],157.70971775054932
-0.061180870535223336,0.08167966495908438,0.0037722329376870672,0.23552151668012217,5.5543859649122815,400,32,4000,[1. 0. 0.],157.70971775054932
-0.062370908217595014,0.08869442805786457,0.0037987930123483085,0.22139271074182532,5.578947368421054,400,32,4000,[1. 0. 0.],157.70971775054932
-0.061527627224294536,0.0839799065234718,0.0037671020728935593,0.22341716053462893,5.6035087719298255,400,32,4000,[1. 0. 0.],157.70971775054932
-0.061934975612019716,0.08718335327103616,0.003761033724427053,0.24490888339154526,5.628070175438597,400,32,4000,[1. 0. 0.],157.70971775054932
-0.06111229112296583,0.08657310823468156,0.0037852898706363445,0.2162792770782887,5.65263157894737,400,32,4000,[1. 0. 0.],157.70971775054932
-0.06051299939740666,0.08396309891585622,0.003940389390767412,0.22811791335405165,5.677192982456141,400,32,4000,[1. 0. 0.],157.70971775054932
-0.060980611245017524,0.08380554180354348,0.0038293409961562153,0.2218221457217032,5.701754385964914,400,32,4000,[1. 0. 0.],157.70971775054932
-0.05985419022189553,0.08154811729352475,0.0035360649482553664,0.22127290289961515,5.726315789473685,400,32,4000,[1. 0. 0.],157.70971775054932
-0.059963377899192906,0.08491031262168199,0.0034462408779194708,0.21549650754754027,5.750877192982457,400,32,4000,[1. 0. 0.],157.70971775054932
-0.059333873991472316,0.08152500918434089,0.0036844766182452847,0.22887617195752488,5.775438596491229,400,32,4000,[1. 0. 0.],157.70971775054932
-0.059389726766628924,0.07961191116013104,0.00351815937418464,0.20784159585109438,5.800000000000001,400,32,4000,[1. 0. 0.],157.70971775054932
-0.05899494427516633,0.08506893254710401,0.0033670575984970953,0.19143264774755303,5.824561403508773,400,32,4000,[1. 0. 0.],157.70971775054932
-0.058167441017411725,0.08109628734230362,0.0033659429146030706,0.21841021660026352,5.849122807017545,400,32,4000,[1. 0. 0.],157.70971775054932
-0.058050482001353355,0.07968701249573809,0.0033359071771271445,0.21553018672866425,5.873684210526317,400,32,4000,[1. 0. 0.],157.70971775054932
-0.058050597901997604,0.07984578953800965,0.003532237150912575,0.21202719946747045,5.898245614035089,400,32,4000,[1. 0. 0.],157.70971775054932
-0.05737965346690802,0.07718100970515049,0.0033787060765781887,0.2039117557632588,5.92280701754386,400,32,4000,[1. 0. 0.],157.70971775054932
-0.0579715900001771,0.08042348595088412,0.0034238160572192893,0.21590889777483974,5.947368421052633,400,32,4000,[1. 0. 0.],157.70971775054932
-0.056561470350408524,0.0769089323147324,0.0032888187656414615,0.19380741543555902,5.971929824561404,400,32,4000,[1. 0. 0.],157.70971775054932
-0.056761687035138605,0.07691371166420372,0.0031436326024654113,0.19807496288887327,5.996491228070177,400,32,4000,[1. 0. 0.],157.70971775054932
-0.056746857687527394,0.07864989657195759,0.003284668787427318,0.2135081332930038,6.021052631578948,400,32,4000,[1. 0. 0.],157.70971775054932
-0.05630100622346472,0.07637509507681563,0.003117285025183283,0.2083004328890053,6.04561403508772,400,32,4000,[1. 0. 0.],157.70971775054932
-0.05612108303604091,0.07763676724624265,0.0032794592218331905,0.2078050447867159,6.070175438596492,400,32,4000,[1. 0. 0.],157.70971775054932
-0.05544934126652094,0.07666893188005455,0.003112640996056716,0.20705593701412692,6.094736842105264,400,32,4000,[1. 0. 0.],157.70971775054932
-0.055403057973488205,0.073974918153865,0.00307542403585103,0.19665207593489686,6.119298245614036,400,32,4000,[1. 0. 0.],157.70971775054932
-0.05563530162537826,0.07687191737860886,0.0029860789208965752,0.20507768720501998,6.143859649122808,400,32,4000,[1. 0. 0.],157.70971775054932
-0.05506835339128224,0.07417928848513905,0.0030639422191781744,0.20121479331158384,6.16842105263158,400,32,4000,[1. 0. 0.],157.70971775054932
-0.054565233125163815,0.07710853356410681,0.002902978635388531,0.21456355805344968,6.192982456140352,400,32,4000,[1. 0. 0.],157.70971775054932
-0.05452554973095062,0.07798472134700107,0.0030962768144597932,0.20850476788979103,6.2175438596491235,400,32,4000,[1. 0. 0.],157.70971775054932
-0.05420999030287793,0.07413412368138587,0.0027665533516402206,0.2060708919228742,6.242105263157896,400,32,4000,[1. 0. 0.],157.70971775054932
-0.05388843057398594,0.07444577685598168,0.0029232077587468893,0.1871065684006804,6.2666666666666675,400,32,4000,[1. 0. 0.],157.70971775054932
-0.052961431561771063,0.0712480657894983,0.0028999044334705034,0.20008204642380734,6.29122807017544,400,32,4000,[1. 0. 0.],157.70971775054932
-0.052837866545122826,0.07342148857133093,0.002724894293416278,0.1917125080611809,6.3157894736842115,400,32,4000,[1. 0. 0.],157.70971775054932
-0.053269917599522536,0.07251493618299848,0.0026134938352517564,0.1955703161350844,6.340350877192983,400,32,4000,[1. 0. 0.],157.70971775054932
-0.05278153858411144,0.0740765622880996,0.0028524295982399754,0.1972962466655686,6.3649122807017555,400,32,4000,[1. 0. 0.],157.70971775054932
-0.05224350032114223,0.07207163519342034,0.0027614630795302236,0.22305573632143227,6.389473684210527,400,32,4000,[1. 0. 0.],157.70971775054932
-0.05217948190261836,0.06993804194846326,0.002570832781258133,0.20011366380163503,6.4140350877192995,400,32,4000,[1. 0. 0.],157.70971775054932
-0.051979564160756116,0.06959229501753478,0.002754250978139413,0.19123668829356025,6.438596491228071,400,32,4000,[1. 0. 0.],157.70971775054932
-0.051768368390063275,0.06820877296551879,0.0026047641008823254,0.19828553987966796,6.4631578947368435,400,32,4000,[1. 0. 0.],157.70971775054932
-0.051437301901969684,0.07186797572290013,0.002656747000160327,0.1898526295474046,6.487719298245615,400,32,4000,[1. 0. 0.],157.70971775054932
-0.05104903480927579,0.06905505652178273,0.002448122437710828,0.1922697075779691,6.512280701754387,400,32,4000,[1. 0. 0.],157.70971775054932
-0.050471888903799236,0.06674199840373848,0.002468324337103163,0.1935748019052059,6.536842105263159,400,32,4000,[1. 0. 0.],157.70971775054932
-0.050393589056822646,0.07032583708618992,0.002578758842551576,0.18778821810190033,6.561403508771931,400,32,4000,[1. 0. 0.],157.70971775054932
-0.05020294345134609,0.06873792092408992,0.002502358053957058,0.20431396851508016,6.585964912280703,400,32,4000,[1. 0. 0.],157.70971775054932
-0.049717837617347466,0.06755672097285496,0.002519305694704147,0.1835690243236914,6.610526315789475,400,32,4000,[1. 0. 0.],157.70971775054932
-0.05049777425119681,0.06857511519782515,0.0024895224534557613,0.18549755237079343,6.635087719298247,400,32,4000,[1. 0. 0.],157.70971775054932
-0.04964211761850936,0.06849649317500671,0.0024906711864068967,0.19045674439463203,6.659649122807019,400,32,4000,[1. 0. 0.],157.70971775054932
-0.05015778742212584,0.0682507178324803,0.0024151755612997258,0.17453810355308155,6.68421052631579,400,32,4000,[1. 0. 0.],157.70971775054932
-0.04888793620157259,0.06680586535048365,0.0024031745309618683,0.188747448607359,6.708771929824563,400,32,4000,[1. 0. 0.],157.70971775054932
-0.049256336416008774,0.06871317058682615,0.002375558786000471,0.18163750710009002,6.733333333333334,400,32,4000,[1. 0. 0.],157.70971775054932
-0.048746705897787235,0.06354055588955689,0.0024306835154340135,0.18543441620197093,6.757894736842107,400,32,4000,[1. 0. 0.],157.70971775054932
-0.04919172718732139,0.06617075272675191,0.002326335273716247,0.1734694466298833,6.782456140350878,400,32,4000,[1. 0. 0.],157.70971775054932
-0.048335394177641676,0.06382393180160907,0.0024389933897338914,0.17887319703159124,6.80701754385965,400,32,4000,[1. 0. 0.],157.70971775054932
-0.048115155265911584,0.06616267257741404,0.0023364829166210308,0.17792261785865013,6.831578947368422,400,32,4000,[1. 0. 0.],157.70971775054932
-0.047756969373713466,0.06649143887708334,0.0022828216459635955,0.17866251903134145,6.856140350877194,400,32,4000,[1. 0. 0.],157.70971775054932
-0.04849084900422647,0.06834713217412056,0.002195572536920325,0.16228486136506204,6.880701754385966,400,32,4000,[1. 0. 0.],157.70971775054932
-0.048060250854136205,0.06665208924115482,0.002261138776210031,0.17847320996717053,6.905263157894738,400,32,4000,[1. 0. 0.],157.70971775054932
-0.04823427943059946,0.06447052690312413,0.0023219023809089665,0.17507543942063425,6.92982456140351,400,32,4000,[1. 0. 0.],157.70971775054932
-0.04712492090417517,0.0614660218805671,0.002217383738443517,0.17540924582652478,6.954385964912282,400,32,4000,[1. 0. 0.],157.70971775054932
-0.047790423618032665,0.06642678144086209,0.002085387567119838,0.176575850647045,6.9789473684210535,400,32,4000,[1. 0. 0.],157.70971775054932
-0.046286082553747415,0.06317385686202973,0.0022021531759758585,0.18851750129393563,7.003508771929826,400,32,4000,[1. 0. 0.],157.70971775054932
-0.04685765524101173,0.06400075578940252,0.002161735625983467,0.1716402364081911,7.0280701754385975,400,32,4000,[1. 0. 0.],157.70971775054932
-0.0469414362876591,0.06330706810549266,0.0021377885705412243,0.1783758660827184,7.05263157894737,400,32,4000,[1. 0. 0.],157.70971775054932
-0.046262183272752014,0.06216447658624571,0.0020616583978900704,0.1704148532600687,7.0771929824561415,400,32,4000,[1. 0. 0.],157.70971775054932
-0.04598690552563798,0.06207037097897792,0.002118553924517437,0.172035112201101,7.101754385964913,400,32,4000,[1. 0. 0.],157.70971775054932
-0.046324010181881654,0.06117000596651897,0.0022255006983536323,0.18617836633704948,7.1263157894736855,400,32,4000,[1. 0. 0.],157.70971775054932
-0.045383766336947975,0.061159688416372884,0.0019894085656601175,0.17325881394282897,7.150877192982457,400,32,4000,[1. 0. 0.],157.70971775054932
-0.045594205671337464,0.06139101990426908,0.002108421648908266,0.1663570765548116,7.1754385964912295,400,32,4000,[1. 0. 0.],157.70971775054932
-0.04604726084602629,0.058307072379500655,0.002105901985088976,0.17166508123408705,7.200000000000001,400,32,4000,[1. 0. 0.],157.70971775054932
-0.045229049427558794,0.0603768895353973,0.002003585746669147,0.16357258432275174,7.2245614035087735,400,32,4000,[1. 0. 0.],157.70971775054932
-0.045219755163004666,0.06021399398194086,0.002112784533472145,0.1625212448553975,7.249122807017545,400,32,4000,[1. 0. 0.],157.70971775054932
-0.04468055894673907,0.061419523644938134,0.0021463413509869617,0.17134084582115558,7.273684210526317,400,32,4000,[1. 0. 0.],157.70971775054932
-0.045126669776917434,0.060821162584874765,0.00211125321247486,0.1650470511114624,7.298245614035089,400,32,4000,[1. 0. 0.],157.70971775054932
-0.04503222775659805,0.058942851332517206,0.0020525944898865016,0.1726719002580757,7.322807017543861,400,32,4000,[1. 0. 0.],157.70971775054932
-0.0442478357941211,0.06054885919806498,0.0019641782116769863,0.17468006246652185,7.347368421052633,400,32,4000,[1. 0. 0.],157.70971775054932
-0.0435901278381671,0.05903921920202775,0.0019419651813538355,0.180012000151342,7.371929824561405,400,32,4000,[1. 0. 0.],157.70971775054932
-0.044446708621302636,0.05971923485887082,0.0018983197089529771,0.1700927286569983,7.396491228070176,400,32,4000,[1. 0. 0.],157.70971775054932
-0.04301153553689281,0.058278592017869425,0.0018720180489879554,0.15832932685830262,7.421052631578949,400,32,4000,[1. 0. 0.],157.70971775054932
-0.04332226445056609,0.05575816216429092,0.0017855555352121173,0.1737512644292555,7.44561403508772,400,32,4000,[1. 0. 0.],157.70971775054932
-0.04369417029246778,0.0610388843929475,0.0018283133449563621,0.16243029129049819,7.470175438596493,400,32,4000,[1. 0. 0.],157.70971775054932
-0.04227478976822621,0.05763441646253932,0.0019247105822176457,0.1668474835895449,7.494736842105264,400,32,4000,[1. 0. 0.],157.70971775054932
-0.04328636075750349,0.05854340913452025,0.00179464346139796,0.16813444040200218,7.519298245614037,400,32,4000,[1. 0. 0.],157.70971775054932
-0.04329138996623629,0.05596049047571727,0.001834942153901642,0.15521858225239957,7.543859649122808,400,32,4000,[1. 0. 0.],157.70971775054932
-0.042330749737039215,0.05779003685910962,0.0017617170854893232,0.15474570837234844,7.56842105263158,400,32,4000,[1. 0. 0.],157.70971775054932
-0.04267925251602262,0.05981121376402875,0.0017907529042951024,0.15676314511001319,7.592982456140352,400,32,4000,[1. 0. 0.],157.70971775054932
-0.04166696234353447,0.05381247940617412,0.0017760870176887604,0.16194928174865567,7.617543859649124,400,32,4000,[1. 0. 0.],157.70971775054932
-0.04221353089451901,0.05879688164156844,0.0017445811669720517,0.15868903095592052,7.642105263157896,400,32,4000,[1. 0. 0.],157.70971775054932
-0.04251302463815725,0.05421284014795842,0.0017911649204595092,0.15882632270104854,7.666666666666668,400,32,4000,[1. 0. 0.],157.70971775054932
-0.042612502987484674,0.05555821222659368,0.0017582882566412493,0.16565209195536465,7.691228070175439,400,32,4000,[1. 0. 0.],157.70971775054932
-0.041375061980500255,0.05505434175171837,0.0018150476696278575,0.1454677238246418,7.715789473684212,400,32,4000,[1. 0. 0.],157.70971775054932
-0.04181056006046426,0.05849606510306813,0.001785971162987012,0.16099707833067214,7.740350877192983,400,32,4000,[1. 0. 0.],157.70971775054932
-0.04144770602040908,0.05754937819590903,0.0015901814393627725,0.1529303670193015,7.764912280701756,400,32,4000,[1. 0. 0.],157.70971775054932
-0.04066231666266676,0.05626803706077551,0.001730957184734282,0.16161771009504958,7.789473684210527,400,32,4000,[1. 0. 0.],157.70971775054932
-0.041073534043750214,0.05497258739093856,0.001677969180949724,0.14994822064633612,7.8140350877193,400,32,4000,[1. 0. 0.],157.70971775054932
-0.04098568095879784,0.05482112943672547,0.0017065809031421083,0.15120394319975314,7.8385964912280715,400,32,4000,[1. 0. 0.],157.70971775054932
-0.04130197833045915,0.054625255976368775,0.0017486359518397803,0.15544334464120654,7.863157894736843,400,32,4000,[1. 0. 0.],157.70971775054932
-0.04056320095773877,0.0558671191024881,0.001732232088173496,0.16094272423351727,7.8877192982456155,400,32,4000,[1. 0. 0.],157.70971775054932
-0.04020293792042724,0.05329471705056408,0.001635941819806534,0.15512487638359518,7.912280701754387,400,32,4000,[1. 0. 0.],157.70971775054932
-0.04088521379449806,0.056704818979527526,0.0016764339807370295,0.14731570691049217,7.9368421052631595,400,32,4000,[1. 0. 0.],157.70971775054932
-0.03986244265248567,0.05539378590645019,0.0014881522663502372,0.14810026745721583,7.961403508771931,400,32,4000,[1. 0. 0.],157.70971775054932
-0.03976858610792982,0.054391894469247394,0.001709142321225567,0.1536775195650305,7.985964912280703,400,32,4000,[1. 0. 0.],157.70971775054932
-0.0397318408764469,0.05173209755902899,0.0016675226338189718,0.14783994671190412,8.010526315789475,400,32,4000,[1. 0. 0.],157.70971775054932
-0.039429309708104036,0.052049455355546885,0.0017331749074874024,0.14736158820799744,8.035087719298247,400,32,4000,[1. 0. 0.],157.70971775054932
-0.04004263755522155,0.052398911159606654,0.001535730841087327,0.14456942628663152,8.059649122807018,400,32,4000,[1. 0. 0.],157.70971775054932
-0.040094251583097915,0.05425061681454593,0.0015711213863894421,0.1501644948992126,8.08421052631579,400,32,4000,[1. 0. 0.],157.70971775054932
-0.039413493796602,0.05288743668949862,0.0015743982367754838,0.15150450713919358,8.108771929824563,400,32,4000,[1. 0. 0.],157.70971775054932
-0.03956046965236205,0.05237748658119138,0.001562804645257205,0.13361061880206943,8.133333333333335,400,32,4000,[1. 0. 0.],157.70971775054932
-0.038482456037935216,0.05136928916297403,0.0014406204820394898,0.143717542731457,8.157894736842106,400,32,4000,[1. 0. 0.],157.70971775054932
-0.03877853452647331,0.05062179624487958,0.00145482940806338,0.13463423519469095,8.182456140350878,400,32,4000,[1. 0. 0.],157.70971775054932
-0.038800068532731845,0.05051103512637623,0.0014863022092935548,0.14687199399376433,8.20701754385965,400,32,4000,[1. 0. 0.],157.70971775054932
-0.038840478146114625,0.05184207708852627,0.0014540189789414959,0.14163907686353014,8.23157894736842,400,32,4000,[1. 0. 0.],157.70971775054932
-0.03811240470864361,0.05027727812675728,0.0014155091669901235,0.14363905388390075,8.256140350877194,400,32,4000,[1. 0. 0.],157.70971775054932
-0.03826480485736995,0.05109346239453244,0.0014362487703091615,0.14108016259962494,8.280701754385966,400,32,4000,[1. 0. 0.],157.70971775054932
-0.03861865982774536,0.053034844427784875,0.0016480127093658674,0.13754601270333838,8.305263157894737,400,32,4000,[1. 0. 0.],157.70971775054932
-0.038089469164743844,0.05026472231418671,0.0014741870500793565,0.14675164075705965,8.329824561403509,400,32,4000,[1. 0. 0.],157.70971775054932
-0.03830507140566019,0.05121206621962345,0.0015575571499250186,0.14389483136050996,8.35438596491228,400,32,4000,[1. 0. 0.],157.70971775054932
-0.03791224534149365,0.048255750753714126,0.0014958312414623648,0.14901256803923496,8.378947368421054,400,32,4000,[1. 0. 0.],157.70971775054932
-0.037709316841150975,0.04944711932593503,0.0015395965249934281,0.1360641396422997,8.403508771929825,400,32,4000,[1. 0. 0.],157.70971775054932
-0.037126336008880656,0.048499134762314114,0.0014136157586348503,0.15141687759581374,8.428070175438597,400,32,4000,[1. 0. 0.],157.70971775054932
-0.03737482799154241,0.04751847230868092,0.0014666947982968162,0.12980848742847212,8.452631578947368,400,32,4000,[1. 0. 0.],157.70971775054932
-0.03719000492677729,0.04896691025778664,0.0013751779984261569,0.14742050470257329,8.47719298245614,400,32,4000,[1. 0. 0.],157.70971775054932
-0.037297322841495555,0.048360494661145205,0.001365030293132935,0.12853897156072497,8.501754385964913,400,32,4000,[1. 0. 0.],157.70971775054932
-0.03689109349157366,0.04970385294420148,0.0013879399722063223,0.14487754861294302,8.526315789473685,400,32,4000,[1. 0. 0.],157.70971775054932
-0.03676392977161543,0.05193984306183842,0.0014307589239043494,0.14117818233751628,8.550877192982457,400,32,4000,[1. 0. 0.],157.70971775054932
-0.03703982877906207,0.04802218687188498,0.001410974137631001,0.1468052266124104,8.575438596491228,400,32,4000,[1. 0. 0.],157.70971775054932
-0.03678503972951777,0.049377604932723744,0.0014956785684968577,0.14724405401362042,8.6,400,32,4000,[1. 0. 0.],157.70971775054932
-0.03661792811209846,0.0467888832096591,0.0014490322151492303,0.13576084317820558,8.624561403508773,400,32,4000,[1. 0. 0.],157.70971775054932
-0.03641601426432964,0.04970481835095601,0.0013473494465016274,0.13565712939697586,8.649122807017545,400,32,4000,[1. 0. 0.],157.70971775054932
-0.036716545581344996,0.04634703124110398,0.0013237727113351425,0.1348227372067416,8.673684210526316,400,32,4000,[1. 0. 0.],157.70971775054932
-0.03630621397530364,0.04683084316727965,0.001356486112807297,0.14187824965491289,8.698245614035088,400,32,4000,[1. 0. 0.],157.70971775054932
-0.03562657537983068,0.046510663523054996,0.0013788462350738863,0.1296988389439543,8.722807017543861,400,32,4000,[1. 0. 0.],157.70971775054932
-0.03619141059614536,0.048576509280702826,0.00136694929771682,0.12991220641285764,8.747368421052633,400,32,4000,[1. 0. 0.],157.70971775054932
-0.03629894221778264,0.046758829016310136,0.0013407556057734693,0.13414202493678012,8.771929824561404,400,32,4000,[1. 0. 0.],157.70971775054932
-0.035703341111264775,0.049050674012396434,0.0013405586427371117,0.13154159190551934,8.796491228070176,400,32,4000,[1. 0. 0.],157.70971775054932
-0.03626414950321792,0.04537504200752529,0.0013558039966599803,0.14386966393965855,8.821052631578947,400,32,4000,[1. 0. 0.],157.70971775054932
-0.036079303122492766,0.047938129728357134,0.0013182229912894771,0.13588536809745375,8.84561403508772,400,32,4000,[1. 0. 0.],157.70971775054932
-0.03538839861237448,0.04870513052539268,0.0012416202811724331,0.12955448479855733,8.870175438596492,400,32,4000,[1. 0. 0.],157.70971775054932
-0.03570784242239408,0.047352827386196235,0.0012745756495783302,0.12863032703280602,8.894736842105264,400,32,4000,[1. 0. 0.],157.70971775054932
-0.03576572591251229,0.047848170170214234,0.0012782836727804883,0.13131358978403324,8.919298245614035,400,32,4000,[1. 0. 0.],157.70971775054932
-0.03503448487066998,0.04711689324156481,0.001324293939822164,0.1362884968577068,8.943859649122807,400,32,4000,[1. 0. 0.],157.70971775054932
-0.035476695454643985,0.04741761486335206,0.001270494052039981,0.12965701468520816,8.96842105263158,400,32,4000,[1. 0. 0.],157.70971775054932
-0.0353378121583173,0.04685459101733785,0.0012137229011526078,0.13549029657378253,8.992982456140352,400,32,4000,[1. 0. 0.],157.70971775054932
-0.0354242176788058,0.048747503267549334,0.0012444667792370703,0.12957811350506487,9.017543859649123,400,32,4000,[1. 0. 0.],157.70971775054932
-0.034518846484008214,0.04524185472605684,0.0013081182681106193,0.13084868156301957,9.042105263157895,400,32,4000,[1. 0. 0.],157.70971775054932
-0.035237039007714126,0.04533233020320969,0.0011750007079748216,0.12658623104368627,9.066666666666666,400,32,4000,[1. 0. 0.],157.70971775054932
-0.034122811613556896,0.04398181317439146,0.0012057861436127616,0.13398568015653303,9.09122807017544,400,32,4000,[1. 0. 0.],157.70971775054932
-0.03409935178223448,0.04505118952828975,0.00116274182705935,0.13521663206483545,9.115789473684211,400,32,4000,[1. 0. 0.],157.70971775054932
-0.034502144967996466,0.046466410246612605,0.0012011097233557673,0.12490536453675864,9.140350877192983,400,32,4000,[1. 0. 0.],157.70971775054932
-0.03405983689011181,0.04499116586455703,0.001099451765146486,0.12976522513826627,9.164912280701754,400,32,4000,[1. 0. 0.],157.70971775054932
-0.034209436933513714,0.04276387078291638,0.0011668333445231124,0.12282095289153867,9.189473684210526,400,32,4000,[1. 0. 0.],157.70971775054932
-0.0341982642794576,0.043866742416593975,0.001210927842140112,0.13263562736319276,9.2140350877193,400,32,4000,[1. 0. 0.],157.70971775054932
-0.03372634176894532,0.044307313977338204,0.0010937445623345988,0.1207596614576908,9.238596491228071,400,32,4000,[1. 0. 0.],157.70971775054932
-0.033676864635915155,0.04358622625987188,0.0012175428842671112,0.12267592894963801,9.263157894736842,400,32,4000,[1. 0. 0.],157.70971775054932
-0.03394918506243722,0.0456698996443041,0.0011849322377893916,0.12321469793694784,9.287719298245614,400,32,4000,[1. 0. 0.],157.70971775054932
-0.03362501107429478,0.04355239314462643,0.00117150941290237,0.12264750408344832,9.312280701754387,400,32,4000,[1. 0. 0.],157.70971775054932
-0.033792800424869686,0.04560907822694298,0.0011367411103854475,0.12854082963713098,9.336842105263159,400,32,4000,[1. 0. 0.],157.70971775054932
-0.033293040605652725,0.04348974619882684,0.0010918932397953125,0.13187250361831596,9.36140350877193,400,32,4000,[1. 0. 0.],157.70971775054932
-0.03370660969231591,0.04480596264790543,0.0011342405801164257,0.12496441228457408,9.385964912280702,400,32,4000,[1. 0. 0.],157.70971775054932
-0.0332859693438878,0.04377640464029661,0.0011660853465848416,0.12383750356566783,9.410526315789474,400,32,4000,[1. 0. 0.],157.70971775054932
-0.032997359553230354,0.043413457987658596,0.0011389115741954777,0.12348780204995176,9.435087719298247,400,32,4000,[1. 0. 0.],157.70971775054932
-0.032462915035088365,0.04075932736095658,0.0011681102568260673,0.12659942825967208,9.459649122807019,400,32,4000,[1. 0. 0.],157.70971775054932
-0.03314367689921652,0.041273192839557785,0.001210885779202235,0.13683074865281644,9.48421052631579,400,32,4000,[1. 0. 0.],157.70971775054932
-0.032986710656105665,0.04531190615814741,0.0011956822876419255,0.11758511279894943,9.508771929824562,400,32,4000,[1. 0. 0.],157.70971775054932
-0.03260188481950307,0.04284361325618779,0.0011557019518484578,0.11518770647477687,9.533333333333333,400,32,4000,[1. 0. 0.],157.70971775054932
-0.03246581180786683,0.04084184766367466,0.0011177540692788555,0.12070767443063295,9.557894736842107,400,32,4000,[1. 0. 0.],157.70971775054932
-0.03238879403297848,0.0437391658205474,0.0011114053587553793,0.11690941108593117,9.582456140350878,400,32,4000,[1. 0. 0.],157.70971775054932
-0.03275173256874483,0.04388310617618424,0.0010701350489262472,0.1334705099494911,9.60701754385965,400,32,4000,[1. 0. 0.],157.70971775054932
-0.03189371880173064,0.04196596910717733,0.0010652832225391457,0.11841722481842719,9.631578947368421,400,32,4000,[1. 0. 0.],157.70971775054932
-0.032568490540803,0.043621256746208974,0.0010970894738493507,0.13290583819001892,9.656140350877193,400,32,4000,[1. 0. 0.],157.70971775054932
-0.03195743726158802,0.04255675376080479,0.0010675126131234637,0.12404589158845461,9.680701754385966,400,32,4000,[1. 0. 0.],157.70971775054932
-0.03211548252043501,0.04287688004280272,0.0010209556382834127,0.12300386566946497,9.705263157894738,400,32,4000,[1. 0. 0.],157.70971775054932
-0.03173955841634363,0.044107815877236584,0.0010232772962617122,0.1186898037967357,9.72982456140351,400,32,4000,[1. 0. 0.],157.70971775054932
-0.03160172312126049,0.041737125930828026,0.0010392412360017474,0.12729665792738762,9.75438596491228,400,32,4000,[1. 0. 0.],157.70971775054932
-0.03168132522355852,0.04120469944831878,0.0010914076952156112,0.11500668138811251,9.778947368421054,400,32,4000,[1. 0. 0.],157.70971775054932
-0.03154381510621755,0.04125691994474148,0.0010596445779846979,0.1259241658470051,9.803508771929826,400,32,4000,[1. 0. 0.],157.70971775054932
-0.0317601366728296,0.04466189280031358,0.0010545572487620253,0.11216545463165806,9.828070175438597,400,32,4000,[1. 0. 0.],157.70971775054932
-0.03130875573055019,0.04176285398815318,0.0010182218461532665,0.12405371621313978,9.852631578947369,400,32,4000,[1. 0. 0.],157.70971775054932
-0.031680178312550204,0.041489657153383826,0.0009923537238624278,0.1184515308174717,9.87719298245614,400,32,4000,[1. 0. 0.],157.70971775054932
-0.031954058498087475,0.04162117370161791,0.0010028330389027734,0.12247969109848214,9.901754385964914,400,32,4000,[1. 0. 0.],157.70971775054932
-0.03136951938374865,0.04053702051848099,0.0010129129353525362,0.11613190587263719,9.926315789473685,400,32,4000,[1. 0. 0.],157.70971775054932
-0.03071127542539078,0.04012648665057316,0.0010596359615673342,0.1194817509587493,9.950877192982457,400,32,4000,[1. 0. 0.],157.70971775054932
-0.031346968704443284,0.040136164450176745,0.0009862731533095675,0.11343450647105065,9.975438596491228,400,32,4000,[1. 0. 0.],157.70971775054932
-0.03125945852369023,0.040170944394546625,0.0010099304373225862,0.11050367945396218,10.0,400,32,4000,[1. 0. 0.],157.70971775054932
